countryName,flagCode,Population,Region,Income,Currency,Surface area (sq. km),Capital
Afghanistan,af,28809167,South Asia,Low income,Afghani (AFN),652860,Kabul
Albania,al,2904780,Europe & Central Asia,Upper middle income,Lek (ALL),28750,Tirana
Algeria,dz,36717132,Middle East & North Africa,Upper middle income,Algerian Dinar (DZD),2381740,Algiers
American Samoa,as,55316,East Asia & Pacific,Upper middle income,Euros (EUR),200,Pago Pago
Andorra,ad,82326,Europe & Central Asia,High income,Euros (EUR),470,Andorra la Vella
Angola,ao,21942296,Sub-Saharan Africa,Lower middle income,Angolan kwanza (AOA),1246700,Luanda
Anguilla,ai,,,,East Caribbean Dollar (XCD),,The Valley
Antarctica,aq,,,,Antarctican dollar (AQD),,
Antigua and Barbuda,ag,88152,Latin America & Caribbean,Upper middle income,East Caribbean Dollar (XCD),440,St. John's
Argentina,ar,41655616,Latin America & Caribbean,Upper middle income,Peso (ARS),2780400,Buenos Aires
Armenia,am,2967984,Europe & Central Asia,Lower middle income,Dram (AMD),29740,Yerevan
Aruba,aw,101936,Latin America & Caribbean,High income,Netherlands Antilles Guilder (ANG),180,Oranjestad
Australia,au,22340024,East Asia & Pacific,High income: OECD,Australian Dollars (AUD),7741220,Canberra
Austria,at,8391643,Europe & Central Asia,High income: OECD,Euros (EUR),83879,Vienna
Azerbaijan,az,9173082,Europe & Central Asia,Upper middle income,Manat (AZN),86600,Baku
Bahamas,bs,366711,Latin America & Caribbean,High income,Bahamian Dollar (BSD),13880,Nassau
Bahrain,bh,1306014,Middle East & North Africa,High income,Bahraini Dinar (BHD),771,Manama
Bangladesh,bd,153405612,South Asia,Low income,Taka (BDT),147630,Dhaka
Barbados,bb,280602,Latin America & Caribbean,High income,Barbadian Dollar (BBD),430,Bridgetown
Belarus,by,9473000,Europe & Central Asia,Upper middle income,Belarus Ruble (BYR),207600,Minsk
Belgium,be,11047744,Europe & Central Asia,High income: OECD,Euros (EUR),30530,Brussels
Belize,bz,329193,Latin America & Caribbean,Lower middle income,Belizean Dollar (BZD),22970,Belmopan
Benin,bj,9779391,Sub-Saharan Africa,Low income,CFA Franc BCEAO (XOF),114760,Porto-Novo
Bermuda,bm,64564,North America,High income,Bermudian Dollar (BMD),50,Hamilton
Bhutan,bt,732246,South Asia,Lower middle income,Indian Rupee (INR),38394,Thimphu
Bolivia,bo,10078238,Latin America & Caribbean,Lower middle income,Boliviano (BOB),1098580,Sucre
Bonaire,bq,,,,,,
Bosnia and Herzegovina,ba,3832310,Europe & Central Asia,Upper middle income,Bosnia and Herzegovina convertible mark (BAM),51210,Sarajevo
Botswana,bw,2089706,Sub-Saharan Africa,Upper middle income,Pula (BWP),581730,Gaborone
Bouvet Island,bv,,,,Norwegian Krone (NOK),,
Brazil,br,200517584,Latin America & Caribbean,Upper middle income,Brazil (BRL),8515770,Brasilia
British Indian Ocean Territory,io,,,,USD (USD),,
Brunei Darussalam,bn,399443,East Asia & Pacific,High income,Bruneian Dollar (BND),5770,
Bulgaria,bg,7348328,Europe & Central Asia,Upper middle income,Lev (BGN),111000,Sofia
Burkina Faso,bf,16106851,Sub-Saharan Africa,Low income,CFA Franc BCEAO (XOF),274220,Ouagadougou
Burundi,bi,9790151,Sub-Saharan Africa,Low income,Burundi Franc (BIF),27830,Bujumbura
Cabo Verde,cv,,,,,4030,
Cambodia,kh,14593099,East Asia & Pacific,Low income,Riel (KHR),181040,Phnom Penh
Cameroon,cm,21119065,Sub-Saharan Africa,Lower middle income,CFA Franc BEAC (XAF),475440,Yaounde
Canada,ca,34342780,North America,High income: OECD,Canadian Dollar (CAD),9984670,Ottawa
Cayman Islands,ky,56580,Latin America & Caribbean,High income,Caymanian Dollar (KYD),264,George Town
Central African Republic,cf,4530903,Sub-Saharan Africa,Low income,CFA Franc BEAC (XAF),622980,Bangui
Chad,td,12298512,Sub-Saharan Africa,Low income,CFA Franc BEAC (XAF),1284000,N'Djamena
Chile,cl,17201305,Latin America & Caribbean,Upper middle income,Chilean Peso (CLP),756096,Santiago
China,cn,1344130000,East Asia & Pacific,Upper middle income,Yuan Renminbi (CNY),9562911,Beijing
Christmas Island,cx,,,,Australian Dollars (AUD),,Flying Fish Cove
Cocos (Keeling) Islands,cc,,,,Australian Dollars (AUD),,West Island
Colombia,co,46406446,Latin America & Caribbean,Upper middle income,Peso (COP),1141749,Bogota
Comoros,km,715972,Sub-Saharan Africa,Low income,Comoran Franc (KMF),1861,Moroni
Congo,cg,68087376,Sub-Saharan Africa,Low income,CFA Franc BEAC (XAF),2344860,Kinshasa
Congo (Democratic Republic of the),cd,,,,,,
Cook Islands,ck,,,,New Zealand Dollars (NZD),,Avarua
Costa Rica,cr,4600487,Latin America & Caribbean,Upper middle income,Costa Rican Colon (CRC),51100,San Jose
Ivory Coast,ci,,,,CFA Franc BCEAO (XOF),,
Croatia,hr,4280622,Europe & Central Asia,High income,Croatian Dinar (HRK),56590,Zagreb
Cuba,cu,11323570,Latin America & Caribbean,Upper middle income,Cuban Peso (CUP),109880,Havana
Curacao,cw,150831,Latin America & Caribbean,High income,,444,
Cyprus,cy,1116644,Europe & Central Asia,High income,Cypriot Pound (CYP),9250,Nicosia
Czechia,cz,,,,,,
Denmark,dk,5570572,Europe & Central Asia,High income: OECD,Danish Krone (DKK),42922,Copenhagen
Djibouti,dj,841802,Middle East & North Africa,Lower middle income,Djiboutian Franc (DJF),23200,Djibouti
Dominica,dm,71402,Latin America & Caribbean,Upper middle income,East Caribbean Dollar (XCD),750,Roseau
Dominican Republic,do,10027140,Latin America & Caribbean,Upper middle income,Dominican Peso (DOP),48670,Santo Domingo
Ecuador,ec,15177280,Latin America & Caribbean,Upper middle income,Sucre (ECS),256370,Quito
Egypt,eg,83787634,Middle East & North Africa,Lower middle income,Egyptian Pound (EGP),1001450,Cairo
El Salvador,sv,6055208,Latin America & Caribbean,Lower middle income,Salvadoran Colon (SVC),21040,San Salvador
Equatorial Guinea,gq,750918,Sub-Saharan Africa,High income,CFA Franc BEAC (XAF),28050,Malabo
Eritrea,er,4789568,Sub-Saharan Africa,Low income,Ethiopian Birr (ETB),117600,Asmara
Estonia,ee,1327439,Europe & Central Asia,High income: OECD,Estonian Kroon (EEK),45230,Tallinn
Ethiopia,et,89858696,Sub-Saharan Africa,Low income,Ethiopian Birr (ETB),1104300,Addis Ababa
Falkland Islands (Malvinas),fk,,,,Falkland Pound (FKP),,
Faroe Islands,fo,,,,Danish Krone (DKK),1396,Torshavn
Fiji,fj,867327,East Asia & Pacific,Lower middle income,Fijian Dollar (FJD),18270,Suva
Finland,fi,5388272,Europe & Central Asia,High income: OECD,Euros (EUR),338420,Helsinki
France,fr,65342776,Europe & Central Asia,High income: OECD,Euros (EUR),549087,Paris
French Guiana,gf,,,,Euros (EUR),,Cayenne
French Polynesia,pf,270862,East Asia & Pacific,High income,CFP Franc (XPF),4000,Papeete
French Southern Territories,tf,,,,Euros (EUR),,
Gabon,ga,1577298,Sub-Saharan Africa,Upper middle income,CFA Franc BEAC (XAF),267670,Libreville
Gambia,gm,1749099,Sub-Saharan Africa,Low income,Dalasi (GMD),11300,Banjul
Georgia,ge,3875000,Europe & Central Asia,Lower middle income,Sterling (GBP),69700,Tbilisi
Germany,de,81797673,Europe & Central Asia,High income: OECD,Euros (EUR),357380,Berlin
Ghana,gh,24928503,Sub-Saharan Africa,Lower middle income,Ghana cedi (GHS),238540,Accra
Gibraltar,gi,31067,Europe & Central Asia,High income,Gibraltar Pound (GIP),10,Gibraltar
Greece,gr,11104899,Europe & Central Asia,High income: OECD,Euros (EUR),131960,Athens
Greenland,gl,56890,Europe & Central Asia,High income,Danish Krone (DKK),410450,Nuuk
Grenada,gd,105070,Latin America & Caribbean,Upper middle income,East Caribbean Dollar (XCD),340,St. George's
Guadeloupe,gp,,,,Euros (EUR),,
Guam,gu,160858,East Asia & Pacific,High income,USD (USD),540,Hagatna
Guatemala,gt,15049280,Latin America & Caribbean,Lower middle income,Quetzal (GTQ),108890,Guatemala City
Guernsey,gg,,,,Guernsey pound (GGP),,St. Peter Port
Guinea,gn,11316351,Sub-Saharan Africa,Low income,CFA Franc BCEAO (XOF),245860,Malabo
Guinea-Bissau,gw,1673509,Sub-Saharan Africa,Low income,CFA Franc BCEAO (XOF),36130,Bissau
Guyana,gy,755883,Latin America & Caribbean,Lower middle income,Guyanaese Dollar (GYD),214970,Georgetown
Haiti,ht,10144890,Latin America & Caribbean,Low income,Gourde (HTG),27750,Port-au-Prince
Heard Island and McDonald Islands,hm,,,,,,
Holy See,va,,,,Euros (EUR),,
Honduras,hn,7621414,Latin America & Caribbean,Lower middle income,Lempira (HNL),112490,Tegucigalpa
Hong Kong,hk,7071600,East Asia & Pacific,High income,HKD (HKD),1105,
Hungary,hu,9971727,Europe & Central Asia,High income: OECD,Forint (HUF),93030,Budapest
Iceland,is,319014,Europe & Central Asia,High income: OECD,Icelandic Krona (ISK),103000,Reykjavik
India,in,1247446011,South Asia,Lower middle income,USD (USD),3287259,New Delhi
Indonesia,id,244808254,East Asia & Pacific,Lower middle income,Indonesian Rupiah (IDR),1910931,Jakarta
Iran (Islamic Republic of),ir,,,,Iranian Rial (IRR),,
Iraq,iq,31867758,Middle East & North Africa,Lower middle income,Iraqi Dinar (IQD),435050,Baghdad
Ireland,ie,4576794,Europe & Central Asia,High income: OECD,Euros (EUR),70280,Dublin
Isle of Man,im,85069,Europe & Central Asia,High income,Manx pound (GBP),570,Douglas
Israel,il,7765800,Middle East & North Africa,High income: OECD,Shekel (ILS),22070,Jerusalem
Italy,it,59379449,Europe & Central Asia,High income: OECD,Euros (EUR),301340,Rome
Jamaica,jm,2699838,Latin America & Caribbean,Upper middle income,Jamaican Dollar (JMD),10990,Kingston
Japan,jp,127817277,East Asia & Pacific,High income: OECD,Japanese Yen (JPY),377962,Tokyo
Jersey,je,,,,Sterling (GBP),,St. Helier
Jordan,jo,6760371,Middle East & North Africa,Upper middle income,Jordanian Dinar (JOD),89320,Amman
Kazakhstan,kz,16556600,Europe & Central Asia,Upper middle income,Tenge (KZT),2724902,Astana
Kenya,ke,41419954,Sub-Saharan Africa,Low income,Kenyan Shilling (KES),580370,Nairobi
Kiribati,ki,104662,East Asia & Pacific,Lower middle income,Australian Dollars (AUD),810,Tarawa
Korea (Democratic People's Republic of),kp,,,,,,
Korea (Republic of),kr,,,,,,
Kuwait,kw,3239181,Middle East & North Africa,High income,Kuwaiti Dinar (KWD),17820,Kuwait City
Kyrgyzstan,kg,,,,Som (KGS),,Bishkek
Lao People's Democratic Republic,la,,,,,,
Latvia,lv,2059709,Europe & Central Asia,Upper middle income,Lat (LVL),64490,Riga
Lebanon,lb,4591698,Middle East & North Africa,Upper middle income,Lebanese Pound (LBP),10450,Beirut
Lesotho,ls,2032950,Sub-Saharan Africa,Lower middle income,Loti (LSL),30360,Maseru
Liberia,lr,4079574,Sub-Saharan Africa,Low income,Liberian Dollar (LRD),111370,Monrovia
Libya,ly,6288652,Middle East & North Africa,Upper middle income,Libyan Dinar (LYD),1759540,Tripoli
Liechtenstein,li,36537,Europe & Central Asia,High income,Swiss Franc (CHF),160,Vaduz
Lithuania,lt,3028115,Europe & Central Asia,Upper middle income,Lita (LTL),65286,Vilnius
Luxembourg,lu,518347,Europe & Central Asia,High income: OECD,Euros (EUR),2590,Luxembourg
Macao,mo,546682,East Asia & Pacific,High income,Macanese pataca (MOP),30.3,
Macedonia (the former Yugoslav Republic of),mk,,,,,,
Madagascar,mg,21678867,Sub-Saharan Africa,Low income,Malagasy Franc (MGA),587295,Antananarivo
Malawi,mw,15226813,Sub-Saharan Africa,Low income,Malawian Kwacha (MWK),118480,Lilongwe
Malaysia,my,28572970,East Asia & Pacific,Upper middle income,Ringgit (MYR),330800,Kuala Lumpur
Maldives,mv,377000,South Asia,Upper middle income,Rufiyaa (MVR),300,Male
Mali,ml,15639115,Sub-Saharan Africa,Low income,CFA Franc BCEAO (XOF),1240190,Bamako
Malta,mt,416268,Middle East & North Africa,High income,Maltese Lira (MTL),320,Valletta
Marshall Islands,mh,52541,East Asia & Pacific,Lower middle income,USD (USD),180,Majuro
Martinique,mq,,,,Euros (EUR),,
Mauritania,mr,3683221,Sub-Saharan Africa,Lower middle income,Ouguiya (MRO),1030700,Nouakchott
Mauritius,mu,1252404,Sub-Saharan Africa,Upper middle income,Mauritian Rupee (MUR),2040,Port Louis
Mayotte,yt,,,,Euros (EUR),,
Mexico,mx,120365271,Latin America & Caribbean,Upper middle income,Peso (MXN),1964380,Mexico City
Micronesia (Federated States of),fm,,,,,,
Moldova (Republic of),md,,,,,,
Monaco,mc,37189,Europe & Central Asia,High income,Euros (EUR),2,Monaco
Mongolia,mn,2759074,East Asia & Pacific,Lower middle income,Tugrik (MNT),1564120,Ulaanbaatar
Montenegro,me,620079,Europe & Central Asia,Upper middle income,Euro (EUR),13810,Podgorica
Montserrat,ms,,,,East Caribbean Dollar (XCD),,Plymouth
Morocco,ma,32531964,Middle East & North Africa,Lower middle income,Dirham (MAD),446550,Rabat
Mozambique,mz,25016921,Sub-Saharan Africa,Low income,Metical (MZN),799380,Maputo
Myanmar,mm,52125411,East Asia & Pacific,Low income,Kyat (MMK),676590,Naypyidaw
Namibia,na,2240161,Sub-Saharan Africa,Upper middle income,Dollar (NAD),824290,Windhoek
Nauru,nr,,,,Australian Dollars (AUD),20,Yaren
Nepal,np,27179237,South Asia,Low income,Nepalese Rupee (NPR),147180,Kathmandu
Netherlands,nl,16693074,Europe & Central Asia,High income: OECD,Euros (EUR),41540,Amsterdam
New Caledonia,nc,254000,East Asia & Pacific,High income,CFP Franc (XPF),18580,Noumea
New Zealand,nz,4384000,East Asia & Pacific,High income: OECD,New Zealand Dollars (NZD),267710,Wellington
Nicaragua,ni,5807787,Latin America & Caribbean,Lower middle income,Cordoba Oro (NIO),130370,Managua
Niger,ne,16946485,Sub-Saharan Africa,Low income,CFA Franc BCEAO (XOF),1267000,Niamey
Nigeria,ng,163770669,Sub-Saharan Africa,Lower middle income,Naira (NGN),923770,Abuja
Niue,nu,,,,New Zealand Dollars (NZD),,Alofi
Norfolk Island,nf,,,,Australian Dollars (AUD),,Kingston
Northern Mariana Islands,mp,53234,East Asia & Pacific,High income,USD (USD),460,Saipan
Norway,no,4953088,Europe & Central Asia,High income: OECD,Norwegian Krone (NOK),385178,Oslo
Oland Islands,ax,,,,,,
Oman,om,3210003,Middle East & North Africa,High income,Sul Rial (OMR),309500,Muscat
Pakistan,pk,173669648,South Asia,Lower middle income,Rupee (PKR),796100,Islamabad
Palau,pw,20606,East Asia & Pacific,Upper middle income,USD (USD),460,Ngerulmud
Palestine,ps,,,,,,Jerusalem
Panama,pa,3681979,Latin America & Caribbean,Upper middle income,Balboa (PAB),75420,Panama City
Papua New Guinea,pg,7001172,East Asia & Pacific,Lower middle income,Kina (PGK),462840,Port Moresby
Paraguay,py,6293763,Latin America & Caribbean,Lower middle income,Guarani (PYG),406752,Asuncion
Peru,pe,29759891,Latin America & Caribbean,Upper middle income,Nuevo Sol (PEN),1285220,Lima
Philippines,ph,94501233,East Asia & Pacific,Lower middle income,Peso (PHP),300000,Manila
Pitcairn,pn,,,,New Zealand Dollars (NZD),,Adamstown
Poland,pl,38063255,Europe & Central Asia,High income: OECD,Zloty (PLN),312680,Warsaw
Portugal,pt,10557560,Europe & Central Asia,High income: OECD,Euros (EUR),92225,Lisbon
Puerto Rico,pr,3678736,Latin America & Caribbean,High income,USD (USD),8870,San Juan
Qatar,qa,1905437,Middle East & North Africa,High income,Rial (QAR),11610,Doha
Reunion,re,,,,Euros (EUR),,
Romania,ro,20147528,Europe & Central Asia,Upper middle income,Leu (RON),238390,Bucharest
Russian Federation,ru,142960868,Europe & Central Asia,Upper middle income,Ruble (RUB),17098250,
Rwanda,rw,10556429,Sub-Saharan Africa,Low income,Rwanda Franc (RWF),26340,Kigali
Saint Barthelemy,bl,,,,Euro (EUR),,
Saint Helena,sh,,,,Saint Helena pound (GBP),,Jamestown
Saint Kitts and Nevis,kn,,,,,,Basseterre
Saint Lucia,lc,,,,East Caribbean Dollar (XCD),,Castries
Saint Martin (French part),mf,,,,Netherlands Antillean guilder (ANG),,
Saint Pierre and Miquelon,pm,,,,Euro (EUR),,St. Pierre
Saint Vincent and the Grenadines,vc,,,,,,Kingstown
Samoa,ws,55316,East Asia & Pacific,Upper middle income,Euros (EUR),200,Pago Pago
San Marino,sm,30938,Europe & Central Asia,High income,Euros (EUR),60,San Marino
Sao Tome and Principe,st,174646,Sub-Saharan Africa,Lower middle income,Dobra (STD),960,
Saudi Arabia,sa,28788438,Middle East & North Africa,High income,Riyal (SAR),2149690,Riyadh
Senegal,sn,13357003,Sub-Saharan Africa,Lower middle income,CFA Franc BCEAO (XOF),196710,Dakar
Serbia,rs,7234099,Europe & Central Asia,Upper middle income,Serbian dinar (RSD),88360,Belgrade
Seychelles,sc,87441,Sub-Saharan Africa,Upper middle income,Rupee (SCR),460,Victoria
Sierra Leone,sl,5908908,Sub-Saharan Africa,Low income,Leone (SLL),72300,Freetown
Singapore,sg,5183688,East Asia & Pacific,High income,Dollar (SGD),719,Singapore
Sint Maarten (Dutch part),sx,33435,Latin America & Caribbean,High income,,34,
Slovakia,sk,,,,Koruna (SKK),,Bratislava
Slovenia,si,2052843,Europe & Central Asia,High income: OECD,Euros (EUR),20270,Ljubljana
Solomon Islands,sb,537648,East Asia & Pacific,Lower middle income,Solomon Islands Dollar (SBD),28900,Honiara
Somalia,so,9806670,Sub-Saharan Africa,Low income,Shilling (SOS),637660,Mogadishu
South Africa,za,51549958.1,Sub-Saharan Africa,Upper middle income,Rand (ZAR),1219090,Pretoria
South Georgia and the South Sandwich Islands,gs,,,,Sterling (GBP),,Grytviken
South Sudan,ss,10510122,Sub-Saharan Africa,Not classified,,644330,Juba
Spain,es,46742697,Europe & Central Asia,High income: OECD,Euros (EUR),505940,Madrid
Sri Lanka,lk,20270000,South Asia,Lower middle income,Rupee (LKR),65610,Sri Jayawardenapura Kotte
Sudan,sd,36918193,Sub-Saharan Africa,Lower middle income,Dinar (SDG),1879357.5,Juba
Suriname,sr,523439,Latin America & Caribbean,Upper middle income,Surinamese Guilder (SRD),163820,Paramaribo
Svalbard and Jan Mayen,sj,,,,Norwegian Krone (NOK),,
Swaziland,sz,1212458,Sub-Saharan Africa,Lower middle income,Lilangeni (SZL),17360,Mbabane
Sweden,se,9449213,Europe & Central Asia,High income: OECD,Krona (SEK),447420,Stockholm
Switzerland,ch,7912398,Europe & Central Asia,High income: OECD,Swiss Franc (CHF),41290,Bern
Syrian Arab Republic,sy,20501167,Middle East & North Africa,Lower middle income,Syrian Pound (SYP),185180,
Taiwan,tw,,,,Dollar (TWD),,Taipei
Tajikistan,tj,7753925,Europe & Central Asia,Low income,Tajikistan Ruble (TJS),141376,Dushanbe
Tanzania,tz,47122998,Sub-Saharan Africa,Low income,Shilling (TZS),947300,Dodoma
Thailand,th,66902958,East Asia & Pacific,Upper middle income,Baht (THB),513120,Bangkok
Timor-Leste,tl,1120392,East Asia & Pacific,Lower middle income,,14870,Dili
Togo,tg,6566179,Sub-Saharan Africa,Low income,CFA Franc BCEAO (XOF),56790,Lome
Tokelau,tk,,,,New Zealand Dollars (NZD),,
Tonga,to,104392,East Asia & Pacific,Lower middle income,Pa‚Äö√†√∂‚àö√òanga (TOP),750,Nukuʻalofa
Trinidad and Tobago,tt,1334790,Latin America & Caribbean,High income,Trinidad and Tobago Dollar (TTD),5130,Port of Spain
Tunisia,tn,10673800,Middle East & North Africa,Upper middle income,Tunisian Dinar (TND),163610,Tunis
Turkey,tr,73517002,Europe & Central Asia,Upper middle income,Lira (TRY),785350,Ankara
Turkmenistan,tm,5106672,Europe & Central Asia,Lower middle income,Manat (TMT),488100,Ashgabat
Turks and Caicos Islands,tc,31727,Latin America & Caribbean,High income,USD (USD),950,Cockburn Town
Tuvalu,tv,9844,East Asia & Pacific,Lower middle income,Australian Dollars (AUD),30,Funafuti
Uganda,ug,34260342,Sub-Saharan Africa,Low income,Shilling (UGX),241550,Kampala
Ukraine,ua,45706100,Europe & Central Asia,Lower middle income,Hryvnia (UAH),603550,Kiev
United Arab Emirates,ae,8734722,Middle East & North Africa,High income,Dirham (AED),83600,Abu Dhabi
United Kingdom of Great Britain and Northern Ireland,gb,,,,,,
United States of America,us,,,,,,
United States Minor Outlying Islands,um,,,,USD (USD),,
Uruguay,uy,3385610,Latin America & Caribbean,Upper middle income,Peso (UYU),176220,Montevideo
Uzbekistan,uz,29339400,Europe & Central Asia,Lower middle income,Som (UZS),447400,Tashkent
Vanuatu,vu,241876,East Asia & Pacific,Lower middle income,Vatu (VUV),12190,Port Vila
Venezuela (Bolivarian Republic of),ve,,,,,,
Viet Nam,vn,,,,,,
Virgin Islands (British),vg,,,,USD (USD),,
Virgin Islands (U.S.),vi,105784,Latin America & Caribbean,High income,,350,
Wallis and Futuna,wf,,,,CFP Franc (XPF),,Mata-Utu
Western Sahara,eh,,,,Dirham (MAD),,El-Aaiun and Tifariti
Yemen,ye,24234940,Middle East & North Africa,Lower middle income,Rial (YER),527970,Sana'a
Zambia,zm,14343526,Sub-Saharan Africa,Lower middle income,Kwacha (ZMK),752610,Lusaka
Zimbab,zw,14255592,Sub-Saharan Africa,Low income,Zimbabwe Dollar (ZWD),390760,Harare